{
  "site": {
    "title": "Nextplate",
    "base_url": "https://nextplate.netlify.app",
    "base_path": "/",
    "trailing_slash": false,
    "favicon": "/images/favicon.png",
    "logo": "/images/LogoEZ.png",
    "logo_darkmode": "/images/logoEZ.png",
    "logo_width": "40",
    "logo_height": "40",
    "logo_text": "8zense"
  },

  "settings": {
    "search": true,
    "sticky_header": true,
    "theme_switcher": true,
    "default_theme": "system",
    "pagination": 2,
    "summary_length": 200,
    "blog_folder": "blog"
  },

  "params": {
    "contact_form_action": "#",
    "copyright": "Designed And Developed by [Zeon Studio](https://zeon.studio)"
  },

  "navigation_button": {
    "enable": true,
    "label": "Get Started",
    "link": "https://github.com/zeon-studio/nextplate"
  },

  "disqus": {
    "enable": true,
    "shortname": "themefisher-template",
    "settings": {}
  },

  "metadata": {
    "meta_author": "Themefisher",
    "meta_image": "/images/og-image.png",
    "meta_description": "Next Boilerplate"
  }
}
